"Tax_Form_ID","Employee_ID","Tax_Year","Tax_Form_URL"
"853948","1","2020","https://nci.ca/taxes/853948_2020"
"853949","2","2020","https://nci.ca/taxes/853949_2020"
"853950","4","2020","https://nci.ca/taxes/853950_2020"
"853951","5","2020","https://nci.ca/taxes/853951_2020"
"853952","6","2020","https://nci.ca/taxes/853952_2020"
"853953","7","2020","https://nci.ca/taxes/853953_2020"
"853954","8","2020","https://nci.ca/taxes/853954_2020"
"853955","9","2020","https://nci.ca/taxes/853955_2020"
"853956","11","2020","https://nci.ca/taxes/853956_2020"
"853957","14","2020","https://nci.ca/taxes/853957_2020"
"853958","15","2020","https://nci.ca/taxes/853958_2020"
"853959","16","2020","https://nci.ca/taxes/853959_2020"
"853960","17","2020","https://nci.ca/taxes/853960_2020"
"853961","18","2020","https://nci.ca/taxes/853961_2020"
"853962","19","2020","https://nci.ca/taxes/853962_2020"
"853963","20","2020","https://nci.ca/taxes/853963_2020"
"853964","21","2020","https://nci.ca/taxes/853964_2020"
"853965","23","2020","https://nci.ca/taxes/853965_2020"
"853966","24","2020","https://nci.ca/taxes/853966_2020"
"853967","25","2020","https://nci.ca/taxes/853967_2020"
"853968","26","2020","https://nci.ca/taxes/853968_2020"
"853969","27","2020","https://nci.ca/taxes/853969_2020"
"853970","28","2020","https://nci.ca/taxes/853970_2020"
"853971","31","2020","https://nci.ca/taxes/853971_2020"
"853972","34","2020","https://nci.ca/taxes/853972_2020"
"853973","37","2020","https://nci.ca/taxes/853973_2020"
"853974","38","2020","https://nci.ca/taxes/853974_2020"
"853975","39","2020","https://nci.ca/taxes/853975_2020"
"853976","40","2020","https://nci.ca/taxes/853976_2020"
"853977","42","2020","https://nci.ca/taxes/853977_2020"
"853978","44","2020","https://nci.ca/taxes/853978_2020"
"853979","45","2020","https://nci.ca/taxes/853979_2020"
"853980","46","2020","https://nci.ca/taxes/853980_2020"
"853981","47","2020","https://nci.ca/taxes/853981_2020"
"853982","48","2020","https://nci.ca/taxes/853982_2020"
"853983","49","2020","https://nci.ca/taxes/853983_2020"
"853984","50","2020","https://nci.ca/taxes/853984_2020"
"853985","51","2020","https://nci.ca/taxes/853985_2020"
"853986","52","2020","https://nci.ca/taxes/853986_2020"
"853987","53","2020","https://nci.ca/taxes/853987_2020"
"853988","55","2020","https://nci.ca/taxes/853988_2020"
"853989","56","2020","https://nci.ca/taxes/853989_2020"
"853990","58","2020","https://nci.ca/taxes/853990_2020"
"853991","59","2020","https://nci.ca/taxes/853991_2020"
"853992","63","2020","https://nci.ca/taxes/853992_2020"
"853993","64","2020","https://nci.ca/taxes/853993_2020"
"853994","65","2020","https://nci.ca/taxes/853994_2020"
"853995","66","2020","https://nci.ca/taxes/853995_2020"
"853996","67","2020","https://nci.ca/taxes/853996_2020"
"853997","69","2020","https://nci.ca/taxes/853997_2020"
"853998","70","2020","https://nci.ca/taxes/853998_2020"
"853999","71","2020","https://nci.ca/taxes/853999_2020"
"854000","73","2020","https://nci.ca/taxes/854000_2020"
"854001","74","2020","https://nci.ca/taxes/854001_2020"
"854002","76","2020","https://nci.ca/taxes/854002_2020"
"854003","77","2020","https://nci.ca/taxes/854003_2020"
"854004","78","2020","https://nci.ca/taxes/854004_2020"
"854005","79","2020","https://nci.ca/taxes/854005_2020"
"854006","80","2020","https://nci.ca/taxes/854006_2020"
"854007","81","2020","https://nci.ca/taxes/854007_2020"
"854008","83","2020","https://nci.ca/taxes/854008_2020"
"854009","85","2020","https://nci.ca/taxes/854009_2020"
"854010","87","2020","https://nci.ca/taxes/854010_2020"
"854011","88","2020","https://nci.ca/taxes/854011_2020"
"854012","89","2020","https://nci.ca/taxes/854012_2020"
"854013","91","2020","https://nci.ca/taxes/854013_2020"
"854014","92","2020","https://nci.ca/taxes/854014_2020"
"854015","93","2020","https://nci.ca/taxes/854015_2020"
"854016","94","2020","https://nci.ca/taxes/854016_2020"
"854017","95","2020","https://nci.ca/taxes/854017_2020"
"854018","96","2020","https://nci.ca/taxes/854018_2020"
"854019","97","2020","https://nci.ca/taxes/854019_2020"
"854020","98","2020","https://nci.ca/taxes/854020_2020"
"854021","99","2020","https://nci.ca/taxes/854021_2020"
"854022","100","2020","https://nci.ca/taxes/854022_2020"
"854023","1","2021","https://nci.ca/taxes/854023_2021"
"854024","2","2021","https://nci.ca/taxes/854024_2021"
"854025","4","2021","https://nci.ca/taxes/854025_2021"
"854026","5","2021","https://nci.ca/taxes/854026_2021"
"854027","6","2021","https://nci.ca/taxes/854027_2021"
"854028","7","2021","https://nci.ca/taxes/854028_2021"
"854029","8","2021","https://nci.ca/taxes/854029_2021"
"854030","9","2021","https://nci.ca/taxes/854030_2021"
"854031","11","2021","https://nci.ca/taxes/854031_2021"
"854032","14","2021","https://nci.ca/taxes/854032_2021"
"854033","15","2021","https://nci.ca/taxes/854033_2021"
"854034","16","2021","https://nci.ca/taxes/854034_2021"
"854035","17","2021","https://nci.ca/taxes/854035_2021"
"854036","18","2021","https://nci.ca/taxes/854036_2021"
"854037","19","2021","https://nci.ca/taxes/854037_2021"
"854038","20","2021","https://nci.ca/taxes/854038_2021"
"854039","21","2021","https://nci.ca/taxes/854039_2021"
"854040","22","2021","https://nci.ca/taxes/854040_2021"
"854041","23","2021","https://nci.ca/taxes/854041_2021"
"854042","24","2021","https://nci.ca/taxes/854042_2021"
"854043","25","2021","https://nci.ca/taxes/854043_2021"
"854044","26","2021","https://nci.ca/taxes/854044_2021"
"854045","27","2021","https://nci.ca/taxes/854045_2021"
"854046","28","2021","https://nci.ca/taxes/854046_2021"
"854047","30","2021","https://nci.ca/taxes/854047_2021"
"854048","31","2021","https://nci.ca/taxes/854048_2021"
"854049","32","2021","https://nci.ca/taxes/854049_2021"
"854050","34","2021","https://nci.ca/taxes/854050_2021"
"854051","35","2021","https://nci.ca/taxes/854051_2021"
"854052","37","2021","https://nci.ca/taxes/854052_2021"
"854053","38","2021","https://nci.ca/taxes/854053_2021"
"854054","39","2021","https://nci.ca/taxes/854054_2021"
"854055","40","2021","https://nci.ca/taxes/854055_2021"
"854056","41","2021","https://nci.ca/taxes/854056_2021"
"854057","42","2021","https://nci.ca/taxes/854057_2021"
"854058","43","2021","https://nci.ca/taxes/854058_2021"
"854059","44","2021","https://nci.ca/taxes/854059_2021"
"854060","45","2021","https://nci.ca/taxes/854060_2021"
"854061","46","2021","https://nci.ca/taxes/854061_2021"
"854062","47","2021","https://nci.ca/taxes/854062_2021"
"854063","48","2021","https://nci.ca/taxes/854063_2021"
"854064","49","2021","https://nci.ca/taxes/854064_2021"
"854065","50","2021","https://nci.ca/taxes/854065_2021"
"854066","51","2021","https://nci.ca/taxes/854066_2021"
"854067","52","2021","https://nci.ca/taxes/854067_2021"
"854068","53","2021","https://nci.ca/taxes/854068_2021"
"854069","55","2021","https://nci.ca/taxes/854069_2021"
"854070","56","2021","https://nci.ca/taxes/854070_2021"
"854071","57","2021","https://nci.ca/taxes/854071_2021"
"854072","58","2021","https://nci.ca/taxes/854072_2021"
"854073","59","2021","https://nci.ca/taxes/854073_2021"
"854074","60","2021","https://nci.ca/taxes/854074_2021"
"854075","62","2021","https://nci.ca/taxes/854075_2021"
"854076","63","2021","https://nci.ca/taxes/854076_2021"
"854077","64","2021","https://nci.ca/taxes/854077_2021"
"854078","65","2021","https://nci.ca/taxes/854078_2021"
"854079","66","2021","https://nci.ca/taxes/854079_2021"
"854080","67","2021","https://nci.ca/taxes/854080_2021"
"854081","69","2021","https://nci.ca/taxes/854081_2021"
"854082","70","2021","https://nci.ca/taxes/854082_2021"
"854083","71","2021","https://nci.ca/taxes/854083_2021"
"854084","73","2021","https://nci.ca/taxes/854084_2021"
"854085","74","2021","https://nci.ca/taxes/854085_2021"
"854086","76","2021","https://nci.ca/taxes/854086_2021"
"854087","77","2021","https://nci.ca/taxes/854087_2021"
"854088","78","2021","https://nci.ca/taxes/854088_2021"
"854089","79","2021","https://nci.ca/taxes/854089_2021"
"854090","80","2021","https://nci.ca/taxes/854090_2021"
"854091","81","2021","https://nci.ca/taxes/854091_2021"
"854092","82","2021","https://nci.ca/taxes/854092_2021"
"854093","83","2021","https://nci.ca/taxes/854093_2021"
"854094","85","2021","https://nci.ca/taxes/854094_2021"
"854095","87","2021","https://nci.ca/taxes/854095_2021"
"854096","88","2021","https://nci.ca/taxes/854096_2021"
"854097","89","2021","https://nci.ca/taxes/854097_2021"
"854098","91","2021","https://nci.ca/taxes/854098_2021"
"854099","92","2021","https://nci.ca/taxes/854099_2021"
"854100","93","2021","https://nci.ca/taxes/854100_2021"
"854101","94","2021","https://nci.ca/taxes/854101_2021"
"854102","95","2021","https://nci.ca/taxes/854102_2021"
"854103","96","2021","https://nci.ca/taxes/854103_2021"
"854104","97","2021","https://nci.ca/taxes/854104_2021"
"854105","98","2021","https://nci.ca/taxes/854105_2021"
"854106","99","2021","https://nci.ca/taxes/854106_2021"
"854107","100","2021","https://nci.ca/taxes/854107_2021"
