"id","phone_number","company_name"
"1","(902) 145-2327","New Canada Incorporated"
"2","(902) 757-3040","New Canada Incorporated"
"3","(902) 757-7266","New Canada Incorporated"
"4","(902) 145-2876","New Canada Incorporated"
"5","(709) 222-4221","New Canada Incorporated"
"6","(902) 757-2955","New Canada Incorporated"
"7","(709) 222-6995","New Canada Incorporated"
"8","(709) 146-2529","New Canada Incorporated"
"9","(902) 145-9247","New Canada Incorporated"
"10","(902) 145-1670","New Canada Incorporated"
