"branch_id","phone_number","company_name"
"1","(902) 253-1735","East Coast Beast Coast"
"2","(709) 132-9519","Abc Co."
"3","(902) 253-5158","Atlantic Canada Industries"
"4","(709) 560-1701","Old Canada Incorporated"
"5","(902) 253-8864","Abc Co."
"6","(709) 560-0412","Old Canada Incorporated"
"7","(709) 132-6711","Atlantic Canada Industries"
"8","(709) 132-6424","New Canada Incorporated"
"9","(709) 544-4086","New Canada Incorporated"
"10","(902) 253-1326","Old Canada Incorporated"
"11","(709) 932-1416","East Coast Beast Coast"
"12","(709) 560-3090","East Coast Beast Coast"
"13","(902) 253-5873","Old Canada Incorporated"
"14","(902) 253-0100","Abc Co."
"15","(902) 253-9416","New Canada Incorporated"
"16","(709) 544-5575","East Coast Beast Coast"
"17","(709) 932-3658","Abc Co."
"18","(902) 289-6747","Old Canada Incorporated"
"19","(902) 253-7696","East Coast Beast Coast"
"20","(902) 253-8734","Abc Co."
"21","(902) 852-4308","Abc Co."
"22","(902) 852-5873","Atlantic Canada Industries"
"23","(902) 289-9359","Old Canada Incorporated"
"24","(709) 560-8085","East Coast Beast Coast"
"25","(709) 932-5450","East Coast Beast Coast"
"26","(902) 852-5488","Old Canada Incorporated"
"27","(902) 852-8976","Old Canada Incorporated"
"28","(709) 451-2255","Atlantic Canada Industries"
"29","(902) 904-9816","East Coast Beast Coast"
"30","(709) 132-2933","New Canada Incorporated"
"31","(709) 129-6070","Atlantic Canada Industries"
"32","(709) 187-1007","New Canada Incorporated"
"33","(709) 932-7181","East Coast Beast Coast"
"34","(709) 132-2885","New Canada Incorporated"
"35","(902) 886-9726","Old Canada Incorporated"
"36","(902) 904-9487","Old Canada Incorporated"
"37","(709) 544-0823","Atlantic Canada Industries"
"38","(902) 904-4237","Atlantic Canada Industries"
"39","(902) 289-6067","Atlantic Canada Industries"
"40","(902) 852-4557","New Canada Incorporated"
"41","(902) 904-6510","Old Canada Incorporated"
"42","(902) 886-9297","New Canada Incorporated"
"43","(902) 782-3009","East Coast Beast Coast"
"44","(709) 539-5148","East Coast Beast Coast"
"45","(902) 902-4959","Abc Co."
"46","(709) 539-3204","New Canada Incorporated"
"47","(709) 500-9262","Abc Co."
"48","(709) 500-8155","New Canada Incorporated"
"49","(902) 782-4818","Abc Co."
"50","(902) 289-6115","Abc Co."
"51","(902) 782-1213","Abc Co."
"52","(709) 560-3325","Atlantic Canada Industries"
"53","(902) 782-9340","Abc Co."
"54","(709) 220-7325","Old Canada Incorporated"
"55","(902) 852-6134","East Coast Beast Coast"
"56","(709) 129-7951","East Coast Beast Coast"
"57","(709) 130-5698","Old Canada Incorporated"
"58","(709) 451-6336","Abc Co."
"59","(709) 722-8675","New Canada Incorporated"
"60","(709) 500-5632","New Canada Incorporated"
"61","(902) 420-4064","Old Canada Incorporated"
"62","(709) 389-8494","Abc Co."
"63","(902) 904-9677","East Coast Beast Coast"
"64","(902) 820-5059","New Canada Incorporated"
"65","(902) 904-9086","Abc Co."
"66","(709) 389-2184","Old Canada Incorporated"
"67","(902) 792-1473","Old Canada Incorporated"
"68","(902) 253-5555","Atlantic Canada Industries"
"69","(709) 539-5728","Atlantic Canada Industries"
"70","(902) 792-6535","East Coast Beast Coast"
"71","(902) 420-5775","Old Canada Incorporated"
"72","(902) 804-4192","Atlantic Canada Industries"
"73","(902) 820-1146","Old Canada Incorporated"
"74","(902) 804-4160","East Coast Beast Coast"
"75","(709) 187-6048","East Coast Beast Coast"
"76","(709) 572-9537","Old Canada Incorporated"
"77","(709) 451-9337","Atlantic Canada Industries"
"78","(709) 539-4199","Old Canada Incorporated"
"79","(902) 820-4291","Atlantic Canada Industries"
"80","(902) 253-5772","New Canada Incorporated"
"81","(709) 129-0130","Atlantic Canada Industries"
"82","(709) 451-1370","Abc Co."
"83","(709) 132-1256","New Canada Incorporated"
"84","(709) 539-4539","Abc Co."
"85","(902) 904-5606","Old Canada Incorporated"
"86","(709) 187-3438","Old Canada Incorporated"
"87","(902) 253-5985","Atlantic Canada Industries"
"88","(902) 852-8197","New Canada Incorporated"
"89","(709) 560-5132","Old Canada Incorporated"
"90","(902) 823-9627","New Canada Incorporated"
"91","(709) 572-0455","Atlantic Canada Industries"
"92","(902) 782-5507","New Canada Incorporated"
"93","(709) 722-3914","Old Canada Incorporated"
"94","(902) 742-5868","East Coast Beast Coast"
"95","(902) 792-2927","Abc Co."
"96","(709) 500-1163","Old Canada Incorporated"
"97","(709) 983-8496","New Canada Incorporated"
"98","(902) 253-5299","East Coast Beast Coast"
"99","(709) 451-5458","Atlantic Canada Industries"
"100","(902) 475-8408","New Canada Incorporated"
"101","(709) 560-4503","New Canada Incorporated"
"102","(709) 560-6876","Abc Co."
"103","(709) 500-6525","Old Canada Incorporated"
"104","(902) 902-9373","Abc Co."
"105","(709) 932-6834","Atlantic Canada Industries"
"106","(902) 902-2552","East Coast Beast Coast"
"107","(709) 572-6730","East Coast Beast Coast"
"108","(902) 289-3737","New Canada Incorporated"
"109","(709) 451-3048","Atlantic Canada Industries"
"110","(709) 451-6148","Old Canada Incorporated"
"111","(709) 560-1520","Atlantic Canada Industries"
"112","(902) 902-3709","Atlantic Canada Industries"
"113","(902) 902-6962","East Coast Beast Coast"
"114","(902) 289-9164","Old Canada Incorporated"
"115","(709) 997-1762","Atlantic Canada Industries"
"116","(902) 804-4258","East Coast Beast Coast"
"117","(902) 879-7321","Old Canada Incorporated"
"118","(902) 266-6411","Old Canada Incorporated"
"119","(902) 742-4183","East Coast Beast Coast"
"120","(902) 820-0057","Old Canada Incorporated"
"121","(709) 572-3844","Atlantic Canada Industries"
"122","(902) 475-7479","Old Canada Incorporated"
"123","(709) 220-8083","East Coast Beast Coast"
"124","(709) 129-8551","Atlantic Canada Industries"
"125","(902) 879-8282","Abc Co."
"126","(902) 823-7794","Abc Co."
"127","(709) 633-5306","New Canada Incorporated"
"128","(709) 738-1611","Old Canada Incorporated"
"129","(709) 187-3882","East Coast Beast Coast"
"130","(902) 266-7893","Atlantic Canada Industries"
"131","(902) 804-7602","New Canada Incorporated"
"132","(902) 804-6898","East Coast Beast Coast"
"133","(902) 289-4573","New Canada Incorporated"
"134","(902) 852-9421","Abc Co."
"135","(902) 904-3882","Abc Co."
"136","(709) 722-1623","New Canada Incorporated"
"137","(709) 132-0383","East Coast Beast Coast"
"138","(902) 842-6131","New Canada Incorporated"
"139","(709) 441-8384","Atlantic Canada Industries"
"140","(902) 383-1467","Old Canada Incorporated"
"141","(709) 130-6897","Atlantic Canada Industries"
"142","(902) 904-6712","New Canada Incorporated"
"143","(902) 886-3483","Atlantic Canada Industries"
"144","(902) 289-3115","Atlantic Canada Industries"
"145","(902) 420-8658","Abc Co."
"146","(709) 932-1794","New Canada Incorporated"
"147","(902) 742-4506","Old Canada Incorporated"
"148","(902) 782-4663","Atlantic Canada Industries"
"149","(902) 475-8228","Old Canada Incorporated"
"150","(709) 129-3131","Abc Co."
"151","(709) 907-2473","New Canada Incorporated"
"152","(902) 547-3447","Abc Co."
"153","(709) 500-0603","New Canada Incorporated"
"154","(709) 544-4260","New Canada Incorporated"
"155","(902) 742-6574","New Canada Incorporated"
"156","(709) 722-0165","New Canada Incorporated"
"157","(902) 852-7050","Atlantic Canada Industries"
"158","(709) 129-6134","East Coast Beast Coast"
"159","(902) 904-7903","Old Canada Incorporated"
"160","(902) 823-7937","East Coast Beast Coast"
"161","(709) 633-6185","Abc Co."
"162","(709) 168-4603","Atlantic Canada Industries"
"163","(902) 823-7687","New Canada Incorporated"
"164","(902) 289-7365","Old Canada Incorporated"
"165","(709) 997-1367","Atlantic Canada Industries"
"166","(709) 572-3653","East Coast Beast Coast"
"167","(709) 132-2261","East Coast Beast Coast"
"168","(902) 886-3931","New Canada Incorporated"
"169","(709) 451-6330","New Canada Incorporated"
"170","(902) 742-0022","Old Canada Incorporated"
"171","(902) 409-2197","Old Canada Incorporated"
"172","(709) 500-5190","Old Canada Incorporated"
"173","(902) 383-2251","Old Canada Incorporated"
"174","(902) 823-6611","Old Canada Incorporated"
"175","(709) 722-8388","Abc Co."
"176","(709) 539-1744","Abc Co."
"177","(709) 869-1644","Abc Co."
"178","(902) 289-8104","Abc Co."
"179","(709) 560-2350","Abc Co."
"180","(709) 130-8362","East Coast Beast Coast"
"181","(902) 879-4284","Abc Co."
"182","(709) 129-3302","New Canada Incorporated"
"183","(902) 547-6823","East Coast Beast Coast"
"184","(902) 902-2440","Old Canada Incorporated"
"185","(709) 129-2875","Atlantic Canada Industries"
"186","(902) 852-9683","New Canada Incorporated"
"187","(709) 544-5911","New Canada Incorporated"
"188","(902) 266-4071","Atlantic Canada Industries"
"189","(902) 547-9340","Atlantic Canada Industries"
"190","(902) 904-8086","New Canada Incorporated"
"191","(709) 500-5744","East Coast Beast Coast"
"192","(902) 553-5531","Old Canada Incorporated"
"193","(709) 187-5779","Abc Co."
"194","(902) 383-8108","Atlantic Canada Industries"
"195","(709) 572-5297","Old Canada Incorporated"
"196","(709) 389-4178","Atlantic Canada Industries"
"197","(709) 102-5195","Abc Co."
"198","(902) 289-1650","Abc Co."
"199","(902) 475-1017","East Coast Beast Coast"
"200","(709) 102-2144","Abc Co."
"201","(902) 145-5598","Atlantic Canada Industries"
"202","(709) 572-1856","East Coast Beast Coast"
"203","(709) 387-7650","Abc Co."
"204","(902) 820-4722","New Canada Incorporated"
"205","(902) 902-8483","New Canada Incorporated"
"206","(709) 750-3354","New Canada Incorporated"
"207","(709) 722-4339","New Canada Incorporated"
"208","(902) 266-2629","Old Canada Incorporated"
"209","(902) 820-3652","New Canada Incorporated"
"210","(709) 932-6755","New Canada Incorporated"
"211","(709) 932-8072","Atlantic Canada Industries"
"212","(709) 441-1107","Abc Co."
"213","(709) 907-1319","Old Canada Incorporated"
"214","(902) 820-6534","New Canada Incorporated"
"215","(902) 823-4638","New Canada Incorporated"
"216","(902) 852-6769","New Canada Incorporated"
"217","(709) 441-0397","Abc Co."
"218","(902) 879-2953","Abc Co."
"219","(709) 738-2307","Abc Co."
"220","(709) 539-2632","New Canada Incorporated"
"221","(902) 820-8467","Atlantic Canada Industries"
"222","(902) 383-5829","East Coast Beast Coast"
"223","(709) 962-6189","Abc Co."
"224","(902) 155-8002","East Coast Beast Coast"
"225","(709) 997-8094","Atlantic Canada Industries"
"226","(709) 389-0750","Atlantic Canada Industries"
"227","(709) 962-8227","Old Canada Incorporated"
"228","(902) 750-4480","Old Canada Incorporated"
"229","(709) 914-7644","New Canada Incorporated"
"230","(709) 913-1993","Abc Co."
"231","(902) 721-9361","Old Canada Incorporated"
"232","(709) 220-2448","Atlantic Canada Industries"
"233","(902) 297-5959","Old Canada Incorporated"
"234","(709) 451-1120","Atlantic Canada Industries"
"235","(709) 913-6995","Atlantic Canada Industries"
"236","(709) 869-6940","Old Canada Incorporated"
"237","(902) 145-0203","Abc Co."
"238","(902) 547-6494","Atlantic Canada Industries"
"239","(709) 678-6147","Abc Co."
"240","(709) 441-6059","Abc Co."
"241","(902) 804-1624","East Coast Beast Coast"
"242","(902) 904-0834","Atlantic Canada Industries"
"243","(902) 904-2129","East Coast Beast Coast"
"244","(709) 898-8016","Atlantic Canada Industries"
"245","(709) 722-2104","Old Canada Incorporated"
"246","(902) 823-7260","Atlantic Canada Industries"
"247","(709) 652-0785","East Coast Beast Coast"
"248","(709) 168-3927","East Coast Beast Coast"
"249","(709) 932-8019","East Coast Beast Coast"
"250","(709) 209-1235","New Canada Incorporated"
"251","(902) 852-2750","Atlantic Canada Industries"
"252","(709) 342-4129","Abc Co."
"253","(902) 886-4396","New Canada Incorporated"
"254","(902) 547-3326","Atlantic Canada Industries"
"255","(709) 451-3774","East Coast Beast Coast"
"256","(709) 722-5152","Atlantic Canada Industries"
"257","(902) 475-6568","Abc Co."
"258","(902) 289-4478","East Coast Beast Coast"
"259","(709) 209-1911","New Canada Incorporated"
"260","(709) 389-1661","Abc Co."
"261","(902) 475-1161","Old Canada Incorporated"
"262","(902) 804-6469","Old Canada Incorporated"
"263","(902) 145-8586","East Coast Beast Coast"
"264","(709) 901-0873","Abc Co."
"265","(709) 882-8748","Atlantic Canada Industries"
"266","(902) 820-3735","Abc Co."
"267","(902) 334-0770","Old Canada Incorporated"
"268","(709) 997-0312","Atlantic Canada Industries"
"269","(902) 842-4551","Atlantic Canada Industries"
"270","(709) 187-2750","Atlantic Canada Industries"
"271","(709) 858-7274","Atlantic Canada Industries"
"272","(709) 901-9912","New Canada Incorporated"
"273","(709) 342-8798","East Coast Beast Coast"
"274","(902) 578-8885","Old Canada Incorporated"
"275","(709) 707-9454","Abc Co."
"276","(902) 578-4367","New Canada Incorporated"
"277","(709) 776-2743","East Coast Beast Coast"
"278","(902) 578-7945","Abc Co."
"279","(709) 330-7024","East Coast Beast Coast"
"280","(709) 196-4162","Old Canada Incorporated"
"281","(902) 145-0862","Old Canada Incorporated"
"282","(709) 514-9216","New Canada Incorporated"
"283","(902) 553-5679","Abc Co."
"284","(709) 898-0732","Abc Co."
"285","(709) 338-4101","Abc Co."
"286","(709) 406-2076","Atlantic Canada Industries"
"287","(902) 266-5801","East Coast Beast Coast"
"288","(709) 696-1328","Atlantic Canada Industries"
"289","(902) 864-6733","Abc Co."
"290","(902) 550-9188","New Canada Incorporated"
"291","(902) 742-4025","East Coast Beast Coast"
"292","(709) 643-0034","Atlantic Canada Industries"
"293","(709) 797-3365","Atlantic Canada Industries"
"294","(902) 266-6461","Atlantic Canada Industries"
"295","(709) 678-0108","Atlantic Canada Industries"
"296","(902) 550-5533","East Coast Beast Coast"
"297","(709) 406-4481","New Canada Incorporated"
"298","(709) 870-4836","Atlantic Canada Industries"
"299","(902) 591-5168","New Canada Incorporated"
"300","(902) 842-4464","Atlantic Canada Industries"
