"tax_form_id","employee_id","tax_year","tax_form_url"
"tax_form_id","employee_id","tax_year","tax_form_url"
"853948","1","2020","https://nci.ca/taxes/853948_2020"
"853949","2","2020","https://nci.ca/taxes/853949_2020"
"853950","4","2020","https://nci.ca/taxes/853950_2020"
"853951","6","2020","https://nci.ca/taxes/853951_2020"
"853952","7","2020","https://nci.ca/taxes/853952_2020"
"853953","8","2020","https://nci.ca/taxes/853953_2020"
"853954","9","2020","https://nci.ca/taxes/853954_2020"
"853955","10","2020","https://nci.ca/taxes/853955_2020"
"853956","1","2021","https://nci.ca/taxes/853956_2021"
"853957","2","2021","https://nci.ca/taxes/853957_2021"
"853958","4","2021","https://nci.ca/taxes/853958_2021"
"853959","5","2021","https://nci.ca/taxes/853959_2021"
"853960","6","2021","https://nci.ca/taxes/853960_2021"
"853961","7","2021","https://nci.ca/taxes/853961_2021"
"853962","8","2021","https://nci.ca/taxes/853962_2021"
"853963","9","2021","https://nci.ca/taxes/853963_2021"
"853964","10","2021","https://nci.ca/taxes/853964_2021"
