1,Data Engineer
2,Software Engineer
3,Front-End Developer
4,Back-End Developer
5,Accountant
6,Executive
7,Manager
8,Mechanical Engineer
9,Chemical Engineer
10,Electrical Engineer
11,Cardiovascular Surgeon
12,Neurosurgeon
13,Dermatologist
14,Firmware Engineer
15,Consultant
16,Janitor
17,Nurse
18,Electrician
19,Civil Engineer
20,Fireman
21,Paramedic
22,Chef
23,Busboy
24,Lawyer
25,Paralegal
26,Professor
27,Administrative Assistant
28,Analyst
29,Business Strategist
30,Farmer
31,Actuary
32,Scientist
33,Dentist
34,Orthodontist
35,Garbage Truck Driver
36,Garbage Truck Assistant
37,Customer Service Representative
38,Associate
39,Marine Biologist 
40,Actor
41,Musician
42,Artist
43,Athlete
44,Coach
45,Kinesiologist 
46,Physical Therapist
47,Associate Professor
48,Librarian
49,Tour Guide
50,Zoo Keeper
51,Bee Keeper
52,Gardener
53,Landscaper
54,Taxi Driver
55,Custodian